frame_num,a,b,c,d
0,163.0084991455078,1037.896728515625,163.0084991455078,1037.896728515625
1,200.0145263671875,1034.9991455078125,200.0145263671875,1034.9991455078125
