frame_num,a,b,c,d
0,25.368209838867188,119.07940673828125,25.21289825439453,119.1823959350586
